Course Code,Course Title,points_r1_2021,points_r2_2021,points_r1_2020,points_r2_2020,EOS 2020,EOS 2019,EOS 2018
AL801,Software Design for Virtual Reality and Gaming,300,,303,,303,304,295
AL802,Software Design in Artificial Intelligence for Clo,313,,332,,332,301,
AL803,Software Design for Mobile Apps and Connected Devi,350,,337,,337,309,
AL805,Computer Engineering for Network Infrastructure,321,,333,,333,329,
AL810,Quantity Surveying,328,,319,,326,307,300
AL811,Civil Engineering,,,320,,320,,
AL820,Mechanical and Polymer Engineering,327,,308,,308,300,299
AL830,General Nursing,451,444,442,,442,410,418
AL832,Mental Health Nursing,440,431,387,384,384,387,377
AL835,Pharmacology,356,,,,,,
AL836,Nutrition and Health Science,346,,334,,334,352,354
AL837,Sports Science with Exercise Physiology,357,,351,,351,351,346
AL838,Biotechnology,324,,307,,307,302,301
AL839,Microbiology,325,,325,,325,322,318
AL840,Pharmaceutical Sciences,346,,347,,347,328,312
AL841,Athletic and Rehabilitation Therapy,477,476,430,,430,423,402
AL842,Bioveterinary Science,338,,313,,313,310,304
AL843,Physical Activity and Health Science,306,,306,,306,310,317
AL849,Culinary Entrepreneurship,297,,,,,,
AL850,Business,309,,309,,309,307,308
AL851,Business and Law,302,,295,,295,301,300
AL852,Accounting,336,,309,,309,290,306
AL854,Sport Management (with international placement),300,299,302,299,299,,
AL855,Hospitality Management (with international placeme,309,,308,,308,312,310
AL857,Digital Marketing,304,,304,,304,300,
AL859,International Business,308,,,,,,
AL860,Social Care Practice,301,,300,,300,309,300
AL861,Animation and Illustration (portfolio),575,,578,,578,#615,#789
AL863,Graphic and Digital Design (portfolio),747,,781,,781,#703,
AL864,Early Years Care and Education,306,,307,,307,307,
AL870,Applied Psychology,484,467,418,,418,409,366
CW018,Business (options),307,,298,248,248,327,250
CW028,Early Childhood Education and Care,260,,252,,252,252,249
CW038,Art (portfolio),700,,700,,700,#700,#700
CW058,Tourism and Event Management,292,,298,,298,252,
CW068,Applied Social Studies in Professional Social Care,250,,245,,245,251,260
CW078,Sustainable Farm Management and Agribusiness,270,,269,,269,266,270
CW088,Visual Communications and Design,270,,274,,274,309,270
CW108,Science (options),266,,261,,261,261,276
CW128,Brewing and Distilling,307,,263,,263,271,
CW138,Sport and Exercise Science,430,423,423,,423,,
CW148,Strength and Conditioning,388,,379,,379,,
CW188,Sport Rehabilitation and Athletic Therapy,451,,451,448,448,454,440
CW208,Computer Games Development,272,,279,,279,281,280
CW238,Software Development,295,,297,,297,300,298
CW248,Information Technology Management,293,,285,,285,307,288
CW258,Cybercrime and IT Security,292,,293,,293,300,290
CW268,Computing in Interactive Digital Art and Design,291,,287,,287,274,
CW438,Construction (options),260,251,272,,272,271,263
CW468,Architectural Technology,291,283,262,,262,252,260
CW478,Civil Engineering,465,,433,,433,348,331
CW548,Mechanical Engineering,330,328,321,,321,310,323
CW558,Electronic Systems,280,,280,,280,279,262
CW568,Aerospace Engineering,371,359,380,,380,366,368
CW578,TV and Media Production,318,,325,,325,327,360
CW708,Law - LLB,292,,302,,302,298,298
CW728,Product Design Innovation,246,,252,,252,286,252
CW748,Early Childhood Education and Care,290,,270,,270,265,275
CW758,Professional Social Care Practice,360,358,336,,336,290,270
CW808,Media and Public Relations,247,,251,,251,248,252
CW848,Digital Marketing with Analytics,269,,254,,269,279,
CW858,Sports Management and Coaching (options  portfolio,700,,700,,700,#700,#700
CW908,Business (options),272,,280,,280,260,270
CW938,Business with Law,270,,283,,283,270,281
CW948,Accounting,319,,300,,300,301,307
PC405,Social  Political and Community Studies,263,235,253,216,216,251,227
PC410,Arts and Humanities (fulfils Teaching Council requ,262,230,252,209,209,203,219
PC411,English and History (fulfils Teaching Council requ,243,224,255,209,209,168,228
CR105,Chemical and Biopharmaceutical Engineering,443,,443,,443,432,444
CR106,Software Development,431,,411,,411,351,350
CR108,Mechanical Engineering,434,,434,,434,425,416
CR109,Structural Engineering,396,,394,,394,341,366
CR110,Automotive Business Management and Technology,336,,311,,311,318,
CR112,Creative Digital Media at CIT Crawford College of,390,,361,,361,335,336
CR116,Computer Systems,365,,332,,332,318,316
CR121,Music at CIT Cork School of Music,904,904,868,,912,#633,#628
CR125,Popular Music at CIT Cork School of Music,1028,,1088,,1088,#972,#836
CR130,Musical Theatre at CIT Cork School of Music,525,,548,518,505,#500,
CR150,Business Information Systems,350,,335,,335,326,316
CR210,Contemporary Applied Art (Ceramics  Glass  Textile,450,,#+matric,,#+matric,#979,#666
CR220,Fine Art at CIT Crawford College of Art and Design,400,,#+matric,,#+matric,#620,#565
CR225,Photography with New Media at CIT Crawford College,435,,#+matric,,#+matric,#920,
CR305,Physical Sciences (Common Entry),260,,282,,282,279,320
CR310,IT Management,347,,297,,297,282,290
CR320,Biomedical Science - Offered jointly by CIT and UC,590,,565,,565,546,521*
CR325,Pharmaceutical Biotechnology,466,,398,,398,388,371
CR333,Nutrition and Health Science,425,,402,,402,360,350
CR335,Biological Sciences (Common Entry),473,,420,,420,381,381
CR340,Analytical Chemistry with Quality Assurance,327,,251,,251,288,327
CR360,Instrument Engineering,301,,261,,261,291,297
CR365,Environmental Science and Sustainable Technology,262,,253,,253,334,307
CR370,Agri-Biosciences,368,,397,,397,408,
CR400,Accounting,315,,316,,316,316,308
CR420,Marketing,290,,285,,285,288,288
CR425,International Business with Language,279,,298,,298,300,289
CR430,Sport and Exercise Management,402,,322,,322,,
CR435,Coaching Science and Sports Pedagogy,410,,,,,,
CR440,Montessori Education,409,408,288,,288,,
CR500,Engineering (Common Entry),475,,411,,411,381,391
CR510,Sustainable Energy Engineering,320,,320,,320,319,300
CR520,Biomedical Engineering,444,,444,,444,434,433
CR560,Architectural Technology,375,,308,,308,288,273
CR565,Interior Architecture,431,,359,,359,336,302
CR570,Quantity Surveying,375,,336,,336,279,282
CR572,Construction Management,300,,269,,269,253,252
CR580,Electrical Engineering,342,,318,,318,344,300
CR590,Electronic Engineering,329,,303,,303,342,300
CR600,Visual Communications at CIT Crawford College of A,280,,#+matric,,#+matric,#587,#640
CR660,Tourism Management,246,,252,,252,249,225
CR700,Theatre and Drama Studies at CIT Cork School of Mu,609,609,740,645,645,#768,#703
CR930,Home Economics and Business,518,,,,,,
CK101,Arts - 3 years,300,,300,,300,300,300
CK102,Social Science,434,431,412,,412,391,387
CK104,Arts with Music - 3 or 4 years (BMus or Chinese/Eu,339,,302,,302,#340,#368
CK105,Film and Screen Media - 3 years or 4 years (Intern,421,420,368,337,319,397,400
CK107,Geographical and Archaeological Sciences - 3 or 4,312,,328,,328,326,318
CK108,Arts International - 4 years,440,440,401,,401,429,423
CK109,English - 3 years or 4 years (International Pathwa,367,357,318,,318,347,355
CK110,World Languages,488,,452,433,410,456,452
CK111,Early Years and Childhood Studies,409,403,419,,419,398,388
CK112,Theatre and Performative Practices - 3 or 4 years,371,,330,,330,#324,#334
CK113,Criminology - 3 years or 4 years (International Pa,464,463,423,,423,408,413
CK114,Social Science (Youth and Community Work),,,,,777,#,#777
CK115,Social Work - Mature Applicants only,,,,,999,#,999
CK118,Digital Humanities and IT - 3 or 4 years (Work Exp,347,339,336,,336,307,338
CK120,Applied Psychology,544,543,533,532,531,506,485
CK121,Psychology and Computing - 3 or 4 years (Work Expe,499,488,466,,466,393,401
CK122,Government and Political Science,399,,337,328,326,355,
CK123,Anthropology,308,,308,,308,,
CK124,Education - Gaeilge,473,,463,462,452,,
CK125,Sports Studies and Physical Education,564,555,510,509,509,,
CK201,Commerce,500,499,477,,477,465*,456
CK202,Accounting,553,543,509,,509,467,452
CK203,Business Information Systems,455,452,430,,430,409,430
CK204,Finance,566,566,556,,556,531,520
CK205,Commerce (International) with French,465,,445,,445,409,462
CK206,Commerce (International) with German,466,455,420,418,418,408,476
CK207,Commerce (International) with Italian,423,418,388,,388,408,418
CK208,Commerce (International) with Hispanic Studies,488,486,402,,402,431,441
CK209,Commerce (International) with Irish,507,,484,,484,509,485
CK211,Commerce (International) with Chinese Studies,385,,397,,397,398,409
CK212,Economics (through Transformational Learning) 3 or,445,444,444,,444,400,
CK213,Food Marketing and Entrepreneurship,466,,462,,462,,
CK214,International Development,332,,346,,346,,
CK301,Law (Pathways) -  3 or 4 years,533,532,507,499,498,476,495
CK302,Law and French,545,,542,,542,453,542
CK304,Law and Irish,588,,540,,540,462,507
CK307,Law and Business,589,589,556,,556,522,542
CK401,Computer Science,503,495,468,,468,402,398
CK402,Biological and Chemical Sciences,555,555,510,509,509,498,487
CK404,Biological  Earth and Environmental Sciences,500,495,467,,465,412,431
CK405,Genetics,543,,487,,487,476,476
CK406,Chemical Sciences,532,,485,472,462,457,462
CK407,Mathematical Sciences,566,,566,565,565,531,543
CK408,Physics and Astrophysics,566,,554,542,531,511,521
CK409,Industrial Physics - Offered jointly by UCC and CI,465,,432,,432,413,511
CK411,Data Science and Analytics,531,,510,,509,509,455
CK412,Agricultural Science,506,,496,496,489,457,
CK504,Nutritional Sciences,555,554,518,,517,492,507
CK505,Food Science,463,,441,440,420,444,447
CK600,Engineering,510,509,487,,487,465,443
CK606,Architecture - Offered jointly by UCC and CIT,543,,484,476,469,465,433
CK701,Medicine (Undergraduate Entry - HPAT required),738,737,731,,731,#729,#729
CK702,Dentistry,625,625,613,613,613,590,589
CK703,Pharmacy,613,613,590,589,589,577,555
CK704,Occupational Therapy,601,,566,555,555,532*,522
CK705,Speech and Language Therapy,568,566,520,,520,509,509*
CK706,Public Health Sciences,500,,454,,454,419,440
CK707,Medical and Health Sciences,578,,542,541,541,510*,531
CK710,General Nursing,498,497,454,,454,440,440*
CK712,Children`s and General Nursing (Integrated),565,,533,,533,499,510
CK720,Mental Health Nursing,455,452,423,,419,398,414
CK730,Intellectual Disability Nursing,431,,419,411,400,359,409*
CK740,Midwifery,509,,484,,473,444,440
CK791,Medicine  - Graduate Entry (GAMSAT required),60,60,57,,57,#58*,#57*
AC120,International Business,294,294,209,,209,234,269
AC137,Liberal Arts,271,270,252,,252,252,219
CT125,Computing and IT,242,242,220,,220,235,263
CT325,Business,253,253,338,,281,,289
CM001,Education - Primary Teaching,508,,484,,484,452*,462
CM002,Education - Primary Teaching - Gaeltacht Applicant,462,,,,,#421,#434
CM003,Oideachas – Bunmhúinteoireacht Trí Mheán na Gaeilg,513,,528,,528,#491,
CM004,Oideachas - Bunmhúinteoireacht Trí Mheán na Gaeilg,480,,494,,494,#492,
CM010,Education Studies,382,327,319,,317,317,326
CM020,Early Childhood Education,317,,327,,327,336,326
DB500,Computing,234,234,218,218,218,242,209
DB501,Computing (Cloud Computing),,178,227,227,227,326,276
DB502,Computing (Data Analytics and Big Data),267,233,341,341,334,269,243
DB503,Computing (Software Development),,,225,225,225,242,278
DB504,Computing (Web and Mobile Technology),,,,281,281,227,
DB510,Audio Production and Music Project Management,217,217,234,223,223,233,
DB512,Business Studies,243,210,218,203,203,229,236
DB514,Business Studies (Law),239,225,252,,251,269,200
DB515,Business Studies (Human Resource Management),242,217,244,244,244,225,262
DB517,Marketing (Event Management),233,225,238,,238,226,223
DB518,Marketing (Digital Media),307,209,,,,210,230
DB521,Accounting and Finance,243,228,225,195,195,225,254
DB524,Business (Information Systems),247,239,342,309,309,402,
DB525,Marketing (Digital Media and Cloud Computing),288,288,,,,284,230
DB526,Business (Cloud Computing),244,244,347,,347,253,272
DB527,Applied Social Care,254,219,234,260,234,235,
DB531,Marketing,288,176,293,,293,220,230
DB562,Psychology,244,233,243,229,229,208,202
DB566,Social Science,262,228,220,227,220,216,210
DB567,Film and Creative Media,245,213,218,202,202,192,209
DB568,Law,254,228,219,252,217,245,203
DB569,Business (Psychology),240,240,252,,252,279,253
DC001,Education - Early Childhood Education,445,,440,,440,398,388
DC002,Education - Primary Teaching,518,,488,,488,462*,464
DC003,Education - Primary Teaching - Gaeltacht Applicant,489,,445,,445,#433,#424
DC004,Education - Primary Teaching (Church of Ireland Ce,451,,411,409,409,#357,#397
DC009,Arts (Joint Honours) - Humanities,356,,376,,376,347,356
DC010,Post Primary Teacher Education - Religious Educati,384,,441,429,429,386,349
DC011,Post Primary Teacher Education - Religious Educati,409,,412,391,391,352,373
DC012,Post Primary Teacher Education - Religious Educati,409,,378,,378,#367,#367
DC013,Post Primary Teacher Ed - Gaeilge with French/Germ,413,,419,,419,410,
DC014,BA in Jazz and Contemporary Music Performance (aud,311,,419,,419,#428,#248
DC110,Business Studies International,498,,465,,465,440,445
DC111,Business Studies,511,,488,,488,463,463
DC112,Global Business (France),542,,517,510,510,495,487
DC113,Global Business (Germany),484,,462,,462,440,455
DC114,Global Business (Spain),544,,522,,522,501,499
DC115,Accounting and Finance,544,,510,,510,487,480
DC116,Global Business (USA),613,,579,,579,578,578
DC117,Aviation Management / Aviation Management with Pil,484,,476,475,475,463,456
DC118,Gná agus Gaeilge / Business and Irish,368,,359,,359,357,362
DC119,Global Business (Canada),601,,564,,564,566,565
DC120,Computing for Business,403,402,357,,357,350,354
DC121,Computer Science,475,,400,,400,370,377
DC123,Data Science,501,,465,,465,467,476
DC126,Actuarial Mathematics,577,,560,,560,520,520
DC127,Common Entry into Actuarial and Financial Mathemat,541,,532,520,520,509,509
DC131,Communication Studies,421,,407,402,402,400,403
DC132,Journalism,452,,429,422,422,401,400
DC133,Multimedia,435,,411,410,410,403,410
DC155,Applied Language and Translation Studies,427,,387,,387,371,388
DC161,Analytical Science,498,,498,489,489,446,455
DC162,Chemical and Pharmaceutical Sciences,531,,521,,521,488,476
DC163,Chemical Sciences General Entry (Undenominated Ent,466,,,,,,
DC166,Environmental Science and Technology,423,,433,399,399,412,341
DC168,Genetics and Cell Biology,543,,512,510,510,489,487
DC175,Physics General Entry (options),400,,419,402,402,,
DC180,Biological Sciences General Entry (Undenominated E,530,,,,,,
DC181,Biotechnology,530,,499,495,495,476,476
DC190,Electronic and Computer Engineering (with choice o,488,,413,,413,391,393
DC193,Mechatronic Engineering,490,,411,,411,404,403
DC194,Sustainable Systems and Energy,476,,,,,,
DC195,Mechanical and Manufacturing Engineering,500,,425,,425,401,400
DC197,Biomedical Engineering,510,,423,,423,402,402
DC200,Common Entry into Engineering (Undenominated Entry,511,510,422,,422,381,382
DC202,Sport Science and Health,511,,500,498,498,467,473
DC203,Science Education,462,,435,,435,424,422
DC204,Athletic Therapy and Training,558,,522,519,519,484,498
DC205,Physical Education with Biology,565,,531,,531,490,511
DC206,Physical Education with Mathematics,521,,499,,499,443,487
DC207,Psychology and Mathematics,521,,,,,,
DC208,Psychology,565,,532,521,521,509,488
DC209,Health and Society,477,,465,440,440,419,430
DC210,Psychology and Disruptive Technologies,506,,,,,,
DC215,General Nursing,456,,454,433,433,414,420
DC216,Mental Health Nursing,420,,418,403,403,368,380
DC217,Intellectual Disability Nursing,382,,370,,370,347,366
DC218,Children`s and General Nursing (Integrated),521,,500,498,498,467,473
DC230,Economics  Politics and Law,431,,435,,435,400,400
DC231,International Relations,398,,397,,397,387,400
DC232,Law and Society (BCL),469,,466,,466,453,455
DC235,Education and Training - Daytime and Flexible Deli,302,,309,,309,307,306
DC238,Social Sciences and Cultural Innovation,387,,377,,377,358,366
DC240,Marketing  Innovation and Technology,499,,476,474,474,451,451
DC241,Digital Business and Innovation,509,,,,,,
DC291,Arts (Joint Honours) - Media Studies,350,,376,,376,349,354
DC292,Arts (Joint Honours) - Law,400,,403,,403,356,351
DC293,Arts (Joint Honours) - International Languages,379,,377,,377,369,358
DC294,Climate and Environmental Sustainability,475,,,,,,
DC295,Arts (Joint Honours) - Politics,349,,376,,376,348,350
DL822,Arts Management,254,,229,229,235,209,193
DL823,Business Management,220,,235,,237,260,214
DL825,Applied Psychology,418,413,379,,379,349,371
DL826,Graphic Design,591,,855,,855,#736,#988
DL827,Art,574,,572,,572,#583,#549
DL832,Animation,989,,920,,920,#855,#929
DL833,Photography and Visual Media,671,671,650,,667,#636,#566
DL836,Creative Computing,235,,219,,219,217,200
DL837,New Media Studies,298,293,201,,201,290,306
DL838,Creative Music Production,713,,754,,754,#746,#856
DL839,Interaction and User Experience Design,757,,683,683,683,,
DL840,Digital Marketing,210,,228,228,228,,
DL841,English and Equality Studies,277,277,276,,276,,
DL843,Film,987,874,,,,,
DL844,Television,566,,,,,,
DL845,Design for Film (degree options),628,,,,,,
GC200,Business,269,242,252,252,252,269,263
GC201,Accounting and Finance,260,226,303,303,303,251,265
GC230,Computing Science,300,289,335,325,325,228,256
GC300,Business,264,264,429,,390,251,290
GC301,Accounting and Finance,,251,253,253,253,307,
GC302,Business - HRM,377,377,,,,269,
GC307,Business (Marketing),289,270,,,,,
GC400,Business,250,228,248,248,248,246,254
GC401,Accounting and Finance,242,242,240,227,202,181,218
GC402,Business (HRM),,,264,236,218,217,262
GC403,Law,245,242,244,228,228,225,218
GC407,Business (Marketing),264,264,280,280,218,246,235
GC430,Computing Science,251,251,252,220,220,217,219
GC450,Communications and Media Production,225,225,254,254,254,227,193
GC462,Design Communication (portfolio),300,,,,,,
GC489,Interior Architecture (portfolio),288,274,254,,254,#267,
GC494,Fashion Design (portfolio),351,,337,217,217,#,#346
BY001,Business,210,210,,,,,
ID001,Accounting and Finance,,,203,,203,229,310
ID002,Business Studies,,,294,,294,285,
AD101,First Year Art and Design (Common Entry portfolio),554,,#+matric,,#+matric,# +mat,#
AD102,Graphic Design and Moving Image Design (portfolio),538,,#+matric,,#+matric,# +mat,#
AD103,Textile and Surface Design and Jewellery and Objec,505,,#+matric,,#+matric,# +mat,#
AD202,Education and Design or Fine Art (Second Level Tea,591,,#+matric,,#+matric,# +mat,#
AD204,Fine Art (portfolio),514,,#+matric,,#+matric,# +mat,#
AD211,Fashion Design (portfolio),760,679,#+matric,,#+matric,# +mat,#
AD212,Product Design (portfolio),413,,#+matric,,#+matric,# +mat,#
AD215,Visual Culture,337,300,377,320,320,300,279
AD217,Illustration (portfolio),738,,#+matric,,#+matric,# +mat,
AD222,Interaction Design (portfolio),444,,#+matric,,#+matric,# +mat,#
NC003,Computing (Degree Award options),271,,260,,260,261,280
NC005,Human Resource Management,301,,300,,300,297,301
NC009,Business,300,,300,,300,297,300
NC010,Psychology,420,,400,,400,366,350
NC020,Marketing Practice,270,,280,,282,270,303
NC022,Accounting and Finance,330,,337,,337,338,341
NC023,Technology Management (with specialisations),266,,261,,261,260,289
NC030,Early Childhood Education and Care,251,251,,,,,
RC001,Medicine - Undergraduate Entry (HPAT required),741,740,733,,733,#729,#730*
RC004,Physiotherapy,589,589,566,,566,532*,532*
RC005,Pharmacy,613,613,579,,578,555,544
RC101,Medicine - Graduate Entry (GAMSAT required),,,,,61,#60,#58*
NM801,Montessori Education,262,,220,,220,,
NM802,Psychology,228,,,,,,
TU801,Sustainable Energy Engineering,235,,235,,235,,
TU802,Electrical Services and Energy Management,309,,317,300,300,,
TU804,Engineering (Common Entry with Award options),270,,271,,271,,
TU805,Engineering (General Entry),466,465,402,,402,,
TU807,Computer Engineering in Mobile Systems,274,,276,,276,,
TU810,Mechatronic Engineering,271,,270,,271,,
TU811,Product Design,440,434,411,,411,,
TU812,Design Technology and Innovation,278,,270,,270,,
TU814,Sustainable Transport Management,253,253,285,251,251,,
TU828,Mechanical Engineering (General Entry),300,,,,,,
TU829,Electronic Engineering (General Entry),248,248,,,,,
TU831,Architectural Technology,423,,410,,410,,
TU832,Architecture (Suitability Test and Interview),644,638,622,,622,,
TU833,Construction Management,396,,367,,367,,
TU834,Geographic Science,315,,288,,288,,
TU835,Planning and Environmental Management,330,,313,,313,,
TU836,Property Economics (Valuation Surveying),411,,401,,401,,
TU837,Quantity Surveying and Construction Economics,413,,385,,385,,
TU838,Sustainable Timber Technology,307,271,,,,,
TU851,Analytical Chemistry (Environmental  Forensic and,400,,349,,349,,
TU852,Chemical Sciences with Medicinal Chemistry,477,,476,,476,,
TU854,Science (General Entry),510,,476,,476,,
TU855,Science with Nanotechnology,322,,331,319,319,,
TU856,Computer Science,499,,476,,476,,
TU857,Computer Science (Infrastructure),403,,391,,391,,
TU858,Computer Science (International),395,,377,,377,,
TU859,Computing,251,,217,234,217,,
TU860,Computing (Information Technology),270,,260,,260,,
TU861,Computing with Language (French/German/Spanish),235,235,308,308,308,,
TU862,Computing with Artificial Intelligence Machine Lea,262,,226,226,226,,
TU863,Digital Forensics and Cyber Security,282,,280,,280,,
TU864,DNA and Forensic Analysis,500,441,400,390,390,,
TU865,Cloud Computing,235,,226,,226,,
TU866,Biomedical and Molecular Diagnostics,522,,487,,487,,
TU867,Biomedical Science,576,566,524,,524,,
TU868,Clinical Measurement Science,542,,510,,510,,
TU869,Environmental Health,387,,336,,336,,
TU870,Human Nutrition and Dietetics,601,,578,,578,,
TU871,Optometry,532,,509,,509,,
TU872,Public Health Nutrition,487,,491,,491,,
TU874,Mathematical Sciences,294,294,341,,343,,
TU875,Pharmaceutical Healthcare,451,,400,,400,,
TU876,Pharmaceutical Science,445,,377,349,349,,
TU877,Physics Technology,314,314,308,,308,,
TU878,Physics with Energy and Environment,339,,337,337,331,,
TU879,Physics with Medical Physics and Bioengineering,346,,351,,351,,
TU880,Physics with Data Science,412,,578,,,,
TU881,Food Innovation,309,,318,,318,,
TU882,Nutraceuticals in Health and Nutrition,380,,397,,397,,
TU902,Business (options),270,,271,,271,,
TU903,Business and Management,477,,463,,463,,
TU904,Business and Law,462,,462,,462,,
TU905,Economics and Finance,460,,465,,465,,
TU906,Human Resource Management,386,377,395,,395,,
TU907,Logistics and Supply Chain Management,300,,300,,300,,
TU910,Accounting,420,,444,,444,,
TU912,Business Analytics,331,311,330,,330,,
TU914,Business Computing,322,,324,,324,,
TU917,Law (LLB ) with a Language,356,,342,,342,,
TU918,Law (LLB),463,,451,,451,,
TU919,Advertising and Marketing Communications,219,,228,226,226,,
TU920,Digital Marketing,270,,270,,270,,
TU921,Digital Marketing Technologies,230,,212,212,234,,
TU922,Marketing,412,,418,,418,,
TU924,E-Commerce in Retailing,307,,307,,307,,
TU925,Retail and Services Management,307,,301,,301,,
TU932,Business (options),211,,,,,,
TU933,Accounting and Finance (campus options),251,,,,,,
TU935,Sports Management and Coaching,300,,300,,300,,
TU936,Sports Science and Health,484,,410,391,391,,
TU941,Botanical Cuisine,311,,249,,249,,
TU942,Culinary Arts,252,,212,212,212,,
TU943,Culinary Entrepreneurship,261,,278,,279,,
TU944,Culinary Science,336,,316,,316,,
TU951,International Hospitality and Tourism Management,244,,184,184,200,,
TU952,International Hospitality Management,309,,300,,306,,
TU953,Tourism and Digital Marketing,308,,290,,290,,
TU954,Event Management,326,,356,,356,,
TU955,Sports and Leisure Management,275,,217,317,217,,
TU961,Commercial Modern Music (BIMM - assessment/auditio,536,536,608,608,608,,
TU962,Drama (Performance  audition),448,,379,,379,,
TU963,Music (audition),364,,416,,416,,
TU965,International Business and Languages,357,,356,346,346,,
TU967,Languages and International Tourism,298,,308,,326,,
TU973,Design - Visual Communication (portfolio),700,,717,,717,,
TU974,Fine Art (portfolio),549,,709,563,563,,
TU975,Interior Design (portfolio),544,,632,,632,,
TU976,Photography (portfolio),700,,695,,695,,
TU978,Creative Industries and Visual Culture,299,,,,,,
TU981,Creative Digital Media,280,,280,,282,,
TU982,Media Production and Digital Arts,369,,320,311,311,,
TU983,Film and Broadcasting,462,453,456,451,451,,
TU984,Game Design,414,,381,,381,,
TU985,Journalism,367,,322,,322,,
TU989,Early Childhood Care and Education (campus options,270,,,,,,
TU991,Applied Social Studies in Social Care,326,,325,,325,,
TU992,Community Development and Youth Work,251,,251,,253,,
TU995,Early Childhood Education,378,,367,,367,,
TU996,Social Care,407,,400,,400,,
TU997,Applied Social Care,320,,310,283,270,,
TR002,Music,508,477,435,429,382,#414,#345
TR003,History,552,543,497,493,456,486,456
TR004,Law,590,589,566,565,565,532,533
TR005,Philosophy,510,497,442,,442,391,392
TR006,Psychology,601,590,567,555,555,555*,532
TR007,Clinical Speech and Language Studies,564,,529,,529,499,520
TR009,Music Education,496,486,420,,420,#430,#455
TR015,Philosophy  Political Science  Economics and Socio,613,613,589,,589,566,554
TR016,Deaf Studies,389,,340,,329,337,338
TR018,Law and French,602,602,565,,565,532*,566*
TR019,Law and German,577,567,543,542,542,523,488
TR021,Classics  Ancient History and Archaeology,467,462,370,,370,377,357
TR022,Early and Modern Irish,377,,398,,398,347,344
TR023,English Studies,546,541,487,476,474,463,487
TR024,European Studies,566,,544,542,530,520,532*
TR025,Drama and Theatre Studies,543,519,564,530,530,#489,#442
TR028,Ancient and Medieval History and Culture,498,463,342,,342,339,330
TR031,Mathematics,579,578,531,,531,566,520
TR032,Engineering,556,555,510,509,508,487*,487*
TR033,Computer Science,566,549,509,,509,465*,444*
TR034,Management Science and Information Systems Studies,625,625,613,,613,589*,567
TR035,Theoretical Physics,590,589,543,,543,554,531
TR038,Engineering with Management,589,589,532,,532,499,509*
TR039,Computer Science  Linguistics and a Language,443,,454,424,424,435,350
TR040,Middle Eastern and European Languages and Cultures,520,499,466,,466,485,477
TR041,Religion,417,,368,,368,347,
TR042,Film,531,522,489,476,466,,
TR043,History of Art and Architecture,498,486,393,354,354,,
TR051,Medicine (HPAT required),743,743,735,734,734,#730,#731*
TR052,Dental Science,625,625,613,613,613,590*,589*
TR053,Physiotherapy,590,,566,566,566,533*,543*
TR054,Occupational Therapy,578,577,533,,533,500,507*
TR055,Radiation Therapy,577,566,543,,543,510,509*
TR056,Human Health and Disease,601,,565,,564,543,542
TR060,Biological and Biomedical Sciences,578,577,543,543,543,510*,500
TR061,Chemical Sciences,558,554,517,510,510,488*,498*
TR062,Geography and Geoscience,495,,473,,473,435,393
TR063,Physical Sciences,554,543,498,498,477,498*,509
TR064,Environmental Science and Engineering,555,,,,,,
TR072,Pharmacy,613,613,590,,590,555*,555*
TR080,Global Business,613,,589,,589,565,555
TR081,Business  Economic and Social Studies (BESS),577,567,543,543,543,518*,511*
TR084,Social Studies (Social Work),497,487,462,,462,420*,453
TR085,Business Studies and French,564,,540,531,521,509,528
TR086,Business Studies and German,530,,509,499,499,474,499*
TR087,Business Studies and Russian,487,,474,465,456,467,429
TR089,Business Studies and Polish,391,,444,424,424,393,403
TR090,Business Studies and Spanish,566,,531,,531,510,517*
TR091,General Nursing (Meath and St James`s),462,456,429,,429,393*,408*
TR093,General Nursing (Adelaide School of Nursing),473,,430,429,414,#378*,#399*
TR095,Mental Health Nursing,442,,408,,408,358,382
TR097,Intellectual Disability Nursing,412,410,396,,378,346,368
TR911,Children`s and General Nursing (Integrated),531,,511,510,499,476*,463*
TR913,Midwifery,521,,478,477,473,423,455*
DN100,Architecture,555,,510,,510,473,487
DN120,Landscape Architecture,463,435,407,,407,353,354
DN130,City Planning and Environmental Policy,445,424,407,400,390,367,362
DN150,Engineering (Common Entry),565,,531,521,520,511,509
DN200,Science (options),577,567,533,,533,521,510
DN201,Computer Science (Common Entry),554,549,510,,510,488,477
DN230,Actuarial and Financial Studies,613,613,601,,601,577,565
DN240,Sustainability,510,,440,,440,,
DN250,Agricultural Science (options),454,444,456,455,453,420,444
DN261,Food Science,531,,477,,476,434,477*
DN262,Human Nutrition,566,,531,,531,493,517
DN300,Veterinary Medicine - Undergraduate Entry,601,,589,,589,#567,#555*
DN301,Veterinary Medicine - Graduate Entry (GAMSAT requi,,,,,#,#,#
DN310,Veterinary Nursing,521,509,478,477,466,441,445
DN400,Medicine - Undergraduate Entry (HPAT required),743,,737,736,736,#735,#731*
DN401,Medicine - Graduate Entry (GAMSAT required),61,,,,58,#59*,#58*
DN410,Radiography,566,566,534,532,531,507,500
DN411,Radiography - Graduate Entry,,,,,#,#,
DN420,Physiotherapy,601,601,578,577,568,542,545
DN425,Health and Performance Science,544,543,510,509,507,488,487*
DN430,Sport and Exercise Management,484,476,455,445,433,436,423
DN440,Biomedical  Health and Life Sciences,613,613,590,589,589,565*,566
DN450,General Nursing,462,,429,424,421,398,402
DN451,Children`s and General Nursing (Integrated),533,,509,506,499,462*,475
DN452,Midwifery,510,509,489,476,473,409,454
DN453,Mental Health Nursing,442,,397,393,393,379,387
DN520,Joint Honours (options),381,378,310,,310,336,366
DN530,Humanities (options),397,388,340,336,326,348,AQA
DN541,Modern Languages (options),320,,303,,300,348,380
DN600,Law (options),576,567,546,544,543,520*,521*
DN610,Business and Law,573,567,545,,544,521,531*
DN650,Commerce,555,,521,521,521,498*,498*
DN660,Commerce International (options),555,554,517,511,510,507,509
DN670,Economics and Finance,625,625,613,,613,601,589*
DN700,Social Sciences (options),475,474,421,419,418,388,386
DN710,Economics,534,532,498,498,498,476,467
DN720,Psychology,566,564,530,522,522,517,500
DN750,Social Policy and Sociology,421,,378,,377,330,AQA
DK810,Accounting and Finance,307,307,305,305,305,306,304
DK816,Business Studies,301,301,300,300,300,300,301
DK820,Computing in Games Development,309,309,311,311,311,307,305
DK821,Computing in Software Development,320,316,302,302,302,301,306
DK822,Augmented and Virtual Reality,320,320,307,,304,,
DK830,Building Surveying,305,,336,,336,302,301
DK831,Architectural Technology,368,314,389,,389,301,301
DK832,Construction Management,358,305,387,,387,300,303
DK843,Engineering (Common Entry),404,391,340,340,340,303,325
DK844,Mechanical Engineering,336,336,305,305,305,,
DK845,Electrical and Electronic Engineering,331,331,304,304,304,,
DK846,Civil Engineering,371,371,391,361,361,,
DK850,International Tourism Management,303,303,317,317,317,,
DK861,Arts,302,302,302,302,302,300,310
DK862,Social Care,322,319,301,,301,300,301
DK863,Creative Media,336,320,308,308,308,300,308
DK864,Film and Television Production,308,,300,300,300,300,301
DK865,Audio and Music Production,352,,301,,301,301,302
DK870,General Nursing,440,440,403,401,397,392,380*
DK872,Intellectual Disability Nursing,367,366,336,,336,300,301
DK874,Mental Health Nursing,398,,356,,356,356,339
DK876,Early Childhood Studies,300,,321,,321,305,300
DK877,Midwifery,482,477,440,,440,398*,400
DK880,Health and Physical Activity,301,,328,,328,300,300
DK882,Agriculture (Award options),342,,310,,310,303,327
DK883,Science (Award options),373,368,358,321,300,300,301
DK884,Sustainable Agriculture,348,,,,,,
DK885,Agri-Food Production,,,,,,,
DK886,Biopharmaceutical Science,379,,301,,301,,
DK887,Environmental Science,377,,330,,330,,
GA181,Accounting,303,,309,,309,303,308
GA182,Business,285,,287,,287,290,290
GA183,Business Information Systems,298,,296,,296,309,300
GA184,Marketing and Sales,300,,307,,307,307,304
GA185,Finance and Economics,318,,293,,293,307,300
GA186,Business with Entrepreneurship,287,,280,,280,297,291
GA187,Rural Enterprise and Agri-Business,291,,281,,281,280,280
GA281,Film and Documentary,310,301,304,,304,287,342
GA282,Heritage Studies,252,,220,,220,238,209
GA283,Contemporary Art (portfolio),790,,679,,679,260,254
GA284,Design,331,,303,,303,309,300
GA285,Education (Art  Design and Graphics),406,,,,,,
GA380,International Hotel Management,218,,242,,242,225,226
GA381,International Tourism Management,252,,278,,278,261,260
GA382,Culinary and Gastronomic Science,235,,206,,206,225,244
GA384,Event Management with Public Relations,230,,212,,212,209,209
GA480,Construction Management,302,,260,,260,260,261
GA482,Quantity Surveying and Construction Economics,304,,288,,288,280,270
GA483,Architectural Technology,281,273,265,,265,251,253
GA484,Civil Engineering,377,,290,,290,270,280
GA580,Software and Electronic Engineering,300,,300,,300,301,260
GA680,Mechanical Engineering,400,,330,,330,336,330
GA681,Energy Engineering,312,,293,,293,281,260
GA682,Biomedical Engineering,331,,313,,313,331,355
GA683,Agricultural Engineering,304,,309,,309,301,305
GA684,Engineering Common Entry to Manu/Agri/Biomed/Energ,413,,340,,340,346,340
GA685,Manufacturing Engineering Design,336,,309,,309,,
GA780,Applied Freshwater and Marine Biology,366,,327,,327,300,306
GA781,Applied Biology and Biopharmaceutical Science,381,,337,,337,317,317
GA782,Chemical and Pharmaceutical Science,356,,336,,336,307,308
GA783,Physics and Instrumentation,301,,363,,363,373,305
GA784,Science (Undenominated),445,,372,,372,327,332
GA785,Medical Science,517,510,473,,473,451,451
GA786,Forensic Science and Analysis,408,,317,,317,300,316
GA787,Computing in Software Development,310,,270,,270,275,280
GA788,Computing and Digital Media,270,,274,,282,270,272
GA789,Agriculture and Environmental Management,340,,287,,289,297,301
GA790,Sport and Exercise Science,376,366,356,,356,350,377
GA791,Public Health Nutrition,368,,368,,368,364,350
GA880,General Nursing,440,,429,422,422,389*,399*
GA882,Psychiatric Nursing,369,,367,,367,346,336
GA885,Outdoor Education,269,,252,,252,210,176
GA887,History and Geography,201,,244,,244,228,228
GA889,Applied Social Care,265,,266,,266,260,270
GA890,Early Childhood Education and Care,281,227,270,,270,278,
GA891,Geography and Outdoor Education,261,,244,,244,,
GA892,Community Development and Youth Work (Level 8),,,,,,,
GA980,Education (Design Graphics and Construction),410,,377,,377,376,391
GA981,Furniture Design and Manufacture,346,,,,,271,271
GA982,Furniture Making and Architectural Woodworking,360,,,,,270,245
GA983,Furniture and Digital Manufacturing,,,,,,,
GA984,Furniture Design  Making and Technology - Common E,486,467,284,,284,,
GY101,Arts (Joint-Honours),327,326,300,,300,300,300
GY104,BSc (Psychology),564,555,523,520,519,507,500
GY105,Arts (History),357,,301,,301,318,301
GY109,Arts (Mathematics and Education),413,,403,,403,411,403
GY110,Arts (Children and Youth Studies - options),387,,357,,357,382,384
GY111,Arts (English and Creative Writing),421,420,330,,330,402,420
GY113,Arts with Human Rights,413,,368,,368,338,320
GY115,Arts with Performing Arts Studies,300,,387,,387,328,319
GY118,Arts (Drama  Theatre and Performance Studies),453,430,451,,451,410,406
GY119,Arts (Journalism),484,473,400,,400,410,388
GY122,Na Dána (Cumarsáid agus Gaeilge),410,,361,,361,308,301
GY123,Applied Social Sciences,419,,358,,358,357,350
GY125,Arts (Digital Arts and Technology),403,,328,,328,324,361
GY127,Arts (Film and Digital Media),430,421,401,,401,387,420
GY128,Arts (Global Languages),346,,352,,352,370,429
GY129,Arts (Global Experience),465,,420,,420,408,431
GY130,Arts (Music),462,,408,,408,400,462
GY132,Government (Politics  Economics and Law),465,451,407,,407,402,
GY133,Education (Computer Science and Mathematical Studi,454,,422,,422,401,
GY134,Geography and Geosystems,425,,410,,410,,
GY135,Arts (Global Media),442,,,,,,
GY136,Na Dána (Léann Teanga - options),526,,,,,,
GY201,Commerce,476,,433,,433,420,420
GY202,Commerce (International) with French,520,,484,,484,484,484
GY203,Commerce (International) with German,518,,489,,489,489,477
GY204,Commerce (International) with Spanish,506,,495,,495,484,473
GY206,Business Information Systems (Work Placement and O,509,,465,,465,431,430
GY207,Commerce (Accounting) including optional Global Ex,543,,509,,509,486,473
GY208,Commerce (Gaeilge),508,,473,,473,473,451
GY209,Commerce (Global Experience),551,,530,,530,509,509
GY250,Law and Business,510,,487,,487,436,409
GY251,Law (BCL),542,,499,,499,473,451
GY252,Law (BCL) and Human Rights,565,,520,,520,510,
GY253,Law and Taxation,506,,509,,509,,
GY254,Law (BCL)  Criminology and Criminal Justice,548,,530,,530,,
GY261,Business Studies in International Hotel Management,503,,497,,497,#486,#496
GY262,Commerce in International Hotel Management (interv,709,,681,,681,#671,#657
GY301,Science,489,488,433,432,432,400,401
GY303,Biomedical Science,613,,556,,556,533,531
GY304,Biotechnology,498,495,465,,465,473,454
GY308,Environmental Science,431,430,408,,408,413,402
GY309,Financial Mathematics and Economics,509,,487,,487,454,476
GY310,Marine Science,467,,419,,419,409,421
GY313,Environmental Health and Safety,412,,412,,412,402,367
GY314,Earth and Ocean Sciences,422,,403,,403,402,400
GY318,Biopharmaceutical Chemistry,555,,509,,509,510,487
GY319,Mathematical Science,543,,476,,476,456,450
GY320,Physics (Degree options: Applied Astrophysics Biom,465,,402,,402,401,432
GY321,Genetics and Genomics,532,,508,,508,,
GY322,Agricultural Sciences,485,,,,,,
GY350,Computer Science and Information Technology,495,,403,,403,425,401
GY401,Engineering (Undenominated),522,520,465,,465,444,432
GY402,Civil Engineering,533,521,455,,455,509,455
GY405,Mechanical Engineering,541,,454,,454,443,414
GY406,Electronic and Computer Engineering,555,,510,,510,509,466
GY408,Biomedical Engineering,554,,509,,509,519,487
GY410,Project and Construction Management,431,,403,,403,434,402
GY413,Energy Systems Engineering,509,,502,,502,532,454
GY414,Electrical and Electronic Engineering,433,,405,,405,454,425
GY501,Medicine (five year/six year course  HPAT required,737,737,728,,728,#726*,#724*
GY502,Occupational Therapy,601,,555,,555,532,521
GY503,Speech and Language Therapy,578,,543,,543,529,529
GY504,Podiatric Medicine,531,526,443,,443,434,391
GY515,General Nursing (Galway and Portiuncula),502,496,476,473,473,442,445
GY516,Mental Health Nursing,475,441,440,,440,388,401
GY517,Midwifery,520,509,495,,495,429,445
LY108,Business - Accounting,312,,309,,309,318,303
LY118,Business,288,,290,,290,287,283
LY128,Marketing with Online Technologies,261,261,,,,,
LY208,Law,300,290,300,,300,300,270
LY228,Sports and Exercise - Common Entry,290,,300,,300,278,263
LY408,Design - Common Entry,301,,320,,320,#307,#290
LY508,Fire Safety Engineering,283,,276,,276,270,242
LY518,Quantity Surveying,304,,301,,301,307,316
LY528,Construction Management,262,,271,,271,267,260
LY538,Architectural Technology,234,234,,,,,
LY608,Mechanical Engineering,300,,300,,300,304,300
LY618,Electronic Engineering,321,,312,,312,307,
LY708,Applied Computing,320,,306,,306,300,307
LY748,Computer Science,316,,317,317,317,,
LY818,Science - Common Entry,302,,303,,303,302,307
LY828,Agriculture - Common Entry,308,300,307,,307,300,301
LY908,General Nursing,429,,400,,400,383,373
LY918,Psychiatric Nursing,367,,357,,357,291*,318*
LY928,Intellectual Disability Nursing,357,,326,,328,288,297
LY968,Early Childhood Care  Health and Education,288,,303,,303,300,279
LY978,Health and Social Care - Common Entry,279,,280,,280,260,269
MI001,Contemporary and Applied Theatre Studies,209,,375,,390,345,290
MI002,Arts,280,,300,281,281,300,320
MI004,Education - Primary Teaching - International,589,,577,,577,,
MI005,Education - Primary Teaching,522,,495,,495,473*,474
MI006,Education - Primary Teaching - Gaeltacht Applicant,485,,456,,462,#442,#441
MI007,Early Childhood Care and Education,409,,357,,357,366,356
MI008,Education and Psychology - Primary Teaching,590,,588,,588,543,552
MI009,Education  Business Studies and Accounting,434,,402,,402,392,367
MI010,Education  Business Studies and Religious Studies,370,,368,,368,326,326
MI011,Education  Gaeilge and Religious Studies,407,,409,,409,377,377
MI012,Education  Gaeilge and Business Studies,387,,401,,401,398,387
MI013,Education  Mathematics and Gaeilge,509,,444,,444,433,
MI014,Education  Mathematics and Business Studies,476,,434,,434,,
CI110,Counselling and Psychotherapy,292,,310,,310,,
CI111,Counselling and Psychotherapy with Addiction Studi,290,,301,,301,,
CI112,Counselling and Psychotherapy with Youth Studies,325,,311,,311,,
LC110,Art and Design (Common Entry  portfolio),794,,740,,740,#734,#718
LC114,Fashion and Textiles for Product and Costume (port,914,,880,,880,#900,#779
LC115,Art and Design Teacher Education (LIT and UL  port,993,,942,,942,,
LC220,Digital Marketing,263,,262,,262,254,309
LC223,Law and Taxation,331,,307,,307,308,307
LC224,Accounting and Finance,300,,300,,300,299,297
LC225,Marketing and Management,298,,298,,298,298,326
LC226,Enterprise and Innovation,255,,234,234,234,216,234
LC233,Software Development,280,,272,,272,300,272
LC234,Immersive Digital Media and Spatial Computing,226,,225,,225,219,254
LC236,Internet Systems Development,260,,262,260,260,298,308
LC239,Computer Networks and Systems Management,317,,307,,309,335,300
LC241,Construction Management,326,,255,,255,276,271
LC242,Property Valuation and Management,308,,282,,282,292,298
LC243,Quantity Surveying,278,,294,,298,281,302
LC248,Built Environment (Common Entry),300,,288,,288,307,302
LC252,Civil Engineering Management,264,,270,,270,281,288
LC263,Medical Technology,391,,294,,294,282,
LC265,Forensic and Pharmaceutical Sciences,498,,413,,413,335,341
LC266,Drug and Medicinal Product Analysis,252,,262,,262,236,263
LC275,Electrical Engineering,361,347,298,,298,288,284
LC288,Mechanical Engineering,378,369,347,346,346,307,301
LC289,Precision Engineering,261,,291,,291,280,
LC292,Social Care Work,374,,367,,367,360,326
LC293,Business Studies with Travel and Tourism Managemen,271,264,307,,307,299,290
LC294,Business Studies with Event Management,279,,279,,279,271,270
LC295,Business Studies with Sports Management,262,,252,,252,263,271
LC297,Community and Addiction Studies,272,262,235,,235,217,241
LC320,Business,381,,346,,346,337,
LC330,Business with Computing,328,308,297,,297,298,303
LC340,Interior Design,391,368,350,,350,298,
LC362,Biotechnology and Biopharmaceutical Sciences,429,,413,,413,379,
LC371,Creative Broadcast and Film Production,325,310,309,,309,298,307
LC372,Music Technology and Production,377,,325,,325,321,338
LC374,Renewable and Electrical Energy Engineering,337,319,318,,318,317,313
LC375,Industrial Automation and Robotic Systems,309,,317,,317,321,309
LC376,Electronic Engineering with Computer Systems,357,,318,,318,308,353
LC380,Automotive Engineering and Transport Management,298,,303,298,298,282,
LC392,Business Studies in Beauty and Spa Management,328,317,236,,236,217,
LC393,Early Childhood Education and Care,309,276,236,,236,260,
LC402,Social Care Work,228,,225,,225,209,307
LC408,Environmental Science and Climate,279,,279,,279,262,300
LC416,Business,260,,274,,274,,
LC418,Computing - Games Design and Development,260,256,270,,270,271,269
LC422,Applied Strength and Conditioning,289,,298,,298,288,298
LC502,Game Art and Design (portfolio),841,,852,,852,#838,#741
LC517,Creative Media and Design,279,,234,,234,229,246
LC518,Digital Animation Production (portfolio),807,,808,,808,#816,#796
LC612,Social Care Work,309,,320,,320,319,
LM002,Arts,360,360,348,,348,329,363
LM019,Social Sciences,451,,,,,,
LM020,Law and Accounting,474,,465,,465,436,440
LM026,Performing Arts (audition format TBC),329,,303,,303,#307,#302
LM028,Criminal Justice,420,,418,,418,387,400
LM029,Law Plus,530,,490,,490,473,477
LM038,Psychology and Sociology,530,,500,,500,478,484
LM039,Journalism and Digital Communication,432,,402,,402,388,410
LM040,European Studies,409,,369,,369,350,378
LM044,Applied Languages,429,,442,,442,404,430
LM050,Business Studies (options),451,,431,,431,419,423
LM056,International Business,555,,528,,528,511,510
LM058,Financial Mathematics,468,,403,,403,434,466
LM063,Technology Management,410,,379,,379,372,372
LM066,Environmental Science,430,,,,,,
LM068,Food Science and Health,464,,421,,421,400,408
LM076,Product Design and Technology (portfolio required),401,,408,,408,#402,420
LM077,Aeronautical Engineering,567,,520,,520,469,466
LM082,Construction Management and Engineering,446,,398,,398,368,358
LM089,Sport and Exercise Sciences,498,,474,,474,441,451
LM090,Physical Education with concurrent Teacher Educati,552,544,532,,532,498*,495
LM091,Languages with concurrent Teacher Education,506,,517,,517,,
LM092,Science with Teacher Ed (Biology with Physics/Chem,521,,507,,507,478,465
LM093,Equine Science,367,,339,,339,338,308
LM094,Materials and Architectural Technology with concur,475,,440,,440,405,398
LM095,Materials and Engineering Technology with concurre,425,,367,,367,358,358
LM096,Science with Teacher Ed (Physical Sciences with Ch,454,,405,,405,382,382
LM097,Mathematics and Computer Science with concurrent T,465,,402,,402,,
LM099,Architecture,520,,498,,498,#419,#403
LM100,Physiotherapy,613,,589,,589,565*,566
LM101,Medicine  - Graduate Entry (GAMSAT required),57,,55,,55,#55*,#54*
LM102,Psychology,534,,509,,509,495,499
LM103,Paramedic Studies (Full B/Provisional C1 Drivers L,429,,392,,392,#313,#373
LM105,Exercise and Health Fitness Management,441,,,,,,
LM115,Chemical and Biochemical Engineering,476,,454,,454,456,476
LM116,Engineering (Biomedical/Civil/Design and Manufactu,498,,476,,476,434,422
LM118,Electronic and Computer Engineering,445,,403,,403,401,411
LM121,Computer Science (Computer Systems/Games Dev/Cyber,402,,351,,351,352,332
LM122,Creative Media and Interaction Design (Digital Des,382,,327,,327,330,337
LM123,Biological and Chemical Sc. (Biosci/Envir Sci/Ind,498,,441,,441,412,400
LM124,Mathematics (Math Science/Maths and Physics/Econom,455,,437,,437,e)427,433
LM125,Physics (Applied Physics or Mathematics and Physic,489,,404,,404,405,421
LM150,General Nursing,498,487,475,,475,440*,445
LM152,Mental Health Nursing,478,466,419,,419,388,402
LM154,Intellectual Disability Nursing,462,443,420,,440,381*,430
LM156,Midwifery,521,508,469,,469,429,430*
MU001,Theology and Arts,294,294,290,290,290,290,300
MU002,Theology,,,440,,440,292,337
MH001,Education - Primary Teaching (Froebel),564,,507,,507,496*,499
MH002,Education - Primary Teaching - Gaeltacht Applicant,,,,,,#441*,#474
MH003,Early Childhood - Teaching and Learning (full-time,381,,,,,,
MH101,Arts,338,336,318,,318,316,317
MH103,Music,,,#,,#,#,#
MH106,Psychology - 3 years,554,,521,,521,495,473
MH107,Social Science,390,,346,,346,326,346
MH109,Media Studies,324,,316,,316,317,317
MH116,Community and Youth Work (Full-Time),,,#,,#,#,#
MH201,Science,401,400,360,,360,350,350
MH202,Biotechnology,490,489,455,,455,429,429
MH203,Biological and Geographical Sciences,451,,430,,430,,
MH204,Physics with Astrophysics,422,,422,,422,420,425
MH206,Theoretical Physics and Mathematics,521,,510,,510,498,509
MH207,Data Science,444,,445,,445,434,
MH208,Biological and Biomedical Sciences,543,,498,,498,451,441
MH209,Psychology (through Science) - 4 years,529,,498,,498,473,467
MH210,Pharmaceutical and Biomedical Chemistry,510,,487,,487,446,446
MH212,Science|Maths and Computer Science|Mathematics (wi,452,443,422,,422,444,432
MH304,Engineering (Computer/Electronic/Communications),351,351,333,333,333,371,351
MH305,Product Design,326,,357,,357,358,356
MH306,Robotics and Intelligent Devices,362,,361,,361,361,351
MH401,Finance (options),370,,357,,357,352,353
MH402,Quantitative Finance,476,,476,,476,476,
MH403,Accounting and Finance,424,,422,,422,402,400
MH404,Business (options),441,,430,,430,400,400
MH407,Business and Accounting,423,,420,,420,401,401
MH411,Entrepreneurship,378,,371,,371,358,357
MH501,LLB Law - four year Single Major Law programme,507,,473,,473,451,451
MH502,Law (options),465,,451,,451,410,420
MH601,Computer Science through Arts (options),381,,352,,352,342,340
MH602,Computer Science through Science (options),400,,351,,351,357,351
MH603,Computational Thinking,520,,532,,532,520,498
MH801,Early Childhood - Teaching and Learning (part-time,,,327,,327,347,356
MH802,Community and Youth Work (part-time  in service),,,#,#,#,#,#
MH803,Local Studies/Community Studies (part-time  evenin,,,#,#,#,#,#
AS001,Education  Home Economics and Biology - with concu,542,533,510,,518,456*,462*
AS002,Education  Home Economics and Religious Ed - with,464,452,441,434,434,400*,433
AS003,Education  Home Economics and Irish - with concurr,463,457,440,440,440,421,409
AS051,Nutrition  Food and Business Management,378,347,328,317,317,337,252
AS054,Home Economics,440,419,408,398,398,387,
AS110,General Nursing,440,432,419,,419,391*,388*
AS130,Intellectual Disability Nursing,387,358,336,328,317,317,328
SG141,Business,262,,261,,261,252,252
SG145,Business and ICT,279,,,,,,
SG146,Accounting,304,,309,,309,307,318
SG147,Sport with Business,288,,307,,307,269,270
SG148,Tourism with Event Management,298,,269,,269,246,253
SG150,Business in Marketing,298,,,,,,
SG241,Performing Arts,341,,328,,328,279,288
SG242,Early Childhood Care and Education,287,,279,,279,278,272*
SG243,Social Care Practice,309,,301,,301,297,301
SG244,Fine Art,501,,505,,505,#355,#446
SG245,Creative Design,332,,282,,282,261,252
SG246,Computing,316,,290,,290,295,258
SG247,English and Psychology,319,,309,,309,308,297
SG248,Sociology and Politics,298,,281,,281,282,279
SG249,Writing and Literature,308,,297,,297,279,272
SG252,Software Development,310,,307,,307,300,260
SG253,Computing in Computer Networks and Cyber Security,336,,324,,378,273,272
SG254,Writing and Literature Online,327,,225,225,225,,
SG255,Law and Business,291,,,,,,
SG341,General Engineering,373,,,,,,
SG342,Civil Engineering,418,,415,,415,,
SG343,Quantity Surveying,300,,311,,311,261,261
SG344,Mechanical Engineering,412,,,,,,
SG346,Construction Project Management and Applied Techno,313,,291,,291,289,
SG347,Architecture,403,,360,,360,309,300
SG348,Interior Architecture and Design,359,,316,,331,,
SG349,Electronics and Self Driving Technologies,,,,,,,
SG350,Robotics and Automation,384,,,,,,
SG442,Occupational Safety and Health,307,,290,,290,289,290
SG443,Human Nutrition,376,,356,,356,357,367
SG444,Science Undenominated,358,,338,,338,308,296
SG445,Pharmaceutical Science with Drug Development,357,,311,,311,347,319
SG447,Health Science and Physical Activity,326,,328,,328,316,321
SG448,Forensic Investigation and Analysis,308,,306,,307,306,307
SG449,Medical Biotechnology,315,,341,,341,329,349
SG450,Environmental Science with Ecology (Level 8),310,,300,,304,,
TL801,Animation  Visual Effects and Motion Design (Level,718,,281,,281,281,281
TL802,TV  Radio and New Media (Level 8),322,,325,,325,306,288
TL810,Computing with Software Development,308,,310,,310,309,331
TL811,Computing with Games Development,322,,358,,358,310,326
TL815,Computing (Degree Award options),307,,308,,308,308,319
TL823,Event Management (3 year programme),293,,299,,299,291,306
TL831,Business Studies (Major Specialism in: Acctng or M,306,,306,,306,307,300
TL842,Construction Management,,,,,,,
TL844,Agricultural Engineering,301,,300,,300,311,300
TL845,Civil Engineering,361,,325,,325,300,300
TL847,Manufacturing Engineering,305,,302,,302,,309
TL848,Agricultural Science,307,,308,,308,331,330
TL851,Wildlife Biology (Degree Award options),309,,309,,309,310,300
TL855,Pharmaceutical Science (Degree Award options),316,,317,,317,342,316
TL858,Veterinary Bioscience,317,,308,,308,326,326
TL871,Health and Leisure (Degree Award options),303,,300,,300,303,303
TL872,Health and Leisure with Massage,314,,309,,309,288,288
TL873,Coaching and Sports Performance,308,,289,,289,282,
TL874,Inclusive Sport and Physical Activity,341,,,,,,
TL880,Early Childhood Care and Education,309,,307,,307,307,306
TL881,Social Care,301,,308,,309,308,318
TL889,Counselling with Addiction - Mature applicants onl,,,,,,#,#
TL890,General Nursing and Mature Applicants,463,,440,414,414,407,401
TL891,Mental Health Nursing and Mature Applicants,440,419,389,378,378,367*,389
WD001,Applied Computing (options),270,261,260,260,260,279,288
WD002,Science (options),279,,308,,308,302,308
WD005,Health Sciences (options),271,,280,,280,288,290
WD006,Exercise Sciences (options),270,,280,,280,282,287
WD007,Engineering (options),270,270,288,288,288,287,
WD025,Construction Management and Engineering,262,,269,,269,269,264
WD027,Music,321,,262,,262,#290,#262
WD048,Business (options),279,,271,,271,278,279
WD084,Accounting,308,,308,,308,307,308
WD091,Hospitality Management,225,,228,,228,210,271
WD116,General Nursing,446,,422,,422,413,414
WD117,Psychiatric Nursing,415,,366,,366,361,378*
WD120,Intellectual Disability Nursing,390,,377,,377,338,356
WD134,International Business,267,,290,,290,289,288
WD137,Design (Visual Communications),252,,271,,271,253,280
WD140,Laws,280,,280,,280,290,290
WD144,Architecture,309,,284,,284,283,283
WD147,Pharmaceutical Science,288,,293,,293,298,306
WD150,Criminal Justice Studies,280,,270,,270,271,270
WD152,Visual Art,243,,AQA,,AQA,253,264
WD161,Computer Forensics and Security,270,,255,,255,262,288
WD162,Quantity Surveying,226,,216,,216,260,270
WD163,Psychology,456,,434,,434,390,392
WD186,Sports Coaching and Performance,261,,270,,270,276,290
WD187,Social Science,276,,272,,272,271,271
WD191,Agricultural Science,377,,377,,377,378,403
WD192,Social Care Practice,271,,270,,270,279,280
WD193,Marketing and Digital Media,279,,271,,271,290,295
WD194,Culinary Arts,237,,217,,217,235,282
WD195,Architectural and Building Information Modelling T,279,,279,,279,266,270
WD200,Arts (options),201,201,AQA,AQA,AQA,221,220
WD210,Software Systems Development,260,,279,,279,271,289
WD211,Creative Computing,270,,271,,271,275,265
WD212,Recreation and Sport Management,262,,270,,270,274,288
WD230,Mechanical and Manufacturing Engineering,230,230,253,,253,273,
WD231,Early Childhood Care and Education,266,,,,,,
WD232,Business Information Systems,261,261,,,,,
CR126,Popular Music: Drums at CIT Cork School of Music,,,801,,801,#878,#697
CR127,Popular Music: Electric Guitar at CIT Cork School of Music,,,838,768,768,#584,#704
CR128,Popular Music: Keyboards at CIT Cork School of Music,,,840,,840,#839,#708
CR129,Popular Music: Voice at CIT Cork School of Music,,,841,,841,#857,#607
DB516,Financial Services,,,,,,328,234
DC201,Common Entry into Science (Undenominated Entry),,,498,488,488,454,476
DC239,"Gaeilge, Iriseoireacht agus na Meáin Dhigiteacha",,,430,,430,,350
DK860,Music (audition),,,532,532,503,#499,#
DL821,"English, Media and Cultural Studies",,,212,212,212,211,226
DL828,"3D Design, Modelmaking and Digital Art",,,506,,538,#691,#597
DL829,Design for Stage and Screen (Costume Design),,,593,,593,#817,#597
DL830,Design for Stage and Screen (Character Makeup Design),,,939,,939,#879,#577
DL831,Design for Stage and Screen (Production Design),,,781,,781,#893,#944
DL834,Film and Television Production,,,990,,990,#933,#942
DN252,Dairy Business,,,410,,410,398,429
DN253,Agri - Environmental Sciences,,,418,,413,403,396
DN271,Forestry,,,311,,311,303,321
DN272,"Horticulture, Landscape and Sportsturf Management",,,297,282,282,252,AQA
GC250,Communications and Media Production,,,,,,,
GC305,International Hospitality Management,,,253,253,253,327,258
GY107,Na Dána (Gaeilge agus Léann an Aistriúcháin),,,409,,409,330,308
GY112,Arts with Film Studies,,,321,,321,338,337
GY120,"Arts (Child, Youth and Family: Policy and Practice)",,,350,,350,309,308
GY121,Arts (Children`s Studies),,,356,,356,356,350
GY124,Arts (Arts with Data Science),,,454,,454,434,425
GY126,Arts (English and Media Studies),,,391,,391,418,408
GY131,Arts (History and Globalisation Studies),,,360,,360,340,
LC401,Early Childhood Education and Care,,,297,,297,298,
LC414,Data Analytics and Cyber Security,,,236,,236,,
LC434,Environmental Science and Agriculture,,,297,,297,278,299
LC613,Early Childhood Education and Care,,,242,,242,346,
MH405,Equine Business,,,357,,357,357,358
SG142,Business in International Marketing and Languages (French),,,279,,279,270,261
SG144,Business in International Marketing and Languages (Spanish),,,270,,270,280,268
SG250,Application Design and User Experience,,,412,,412,290,317
SG251,Computing (Smart Technologies),,,327,,342,303,290
TR012,History and Political Science,,,555,554,552,532*,534
TR017,Law and Business,,,602,,602,576,577
TR020,Law and Political Science,,,602,,601,567,578
TR029,Political Science and Geography,,,526,520,510,477,496*
TR082,Computer Science and Business,,,555,,555,510,509*
TR083,Sociology and Social Policy,,,498,487,478,451,452
TR111,Ancient History and Archaeology/Geography,,,352,,352,,
TR112,Ancient History and Archaeology/History,,,529,,529,,
TR113,Ancient History and Archaeology/History of Art and Architecture,,,337,,337,,
TR114,Ancient History and Archaeology/Modern Language,,,337,,337,,
TR117,Ancient History and Archaeology/Religion,,,342,,342,,
TR166,Classical Civilisation/English Literature,,,498,496,496,,
TR173,Classical Civilisation/History of Art and Architecture,,,335,,335,,
TR177,Classical Civilisation/Modern Language,,,335,,335,,
TR179,Classical Civilisation/Philosophy,,,499,,479,,
TR198,Economics/Geography,,,534,,534,,
TR202,Economics/History,,,534,,534,,
TR207,Economics/Mathematics,,,566,,566,,
TR208,Economics/Modern Language,,,534,,534,,
TR209,Economics/Philosophy,,,534,,534,,
TR212,Economics/Sociology,,,534,,534,,
TR228,Classical Languages/English Literature,,,498,,498,,
TR231,Classical Languages/History of Art and Architecture,,,349,,349,,
TR233,"Classical Languages/Middle Eastern,Jewish and Islamic Civilisations",,,349,,349,,
TR239,Classical Languages/Modern Language,,,349,,349,,
TR262,English Literature/History,,,529,,529,,
TR263,English Literature/History of Art and Architecture,,,498,497,497,,
TR269,English Literature/Philosophy,,,499,,495,,
TR272,English Literature/Sociology,,,498,,498,,
TR276,English Literature/Drama Studies,,,#498,,#476,,
TR277,English Literature/Modern Language,,,498,495,489,,
TR311,Film/Drama Studies,,,#521,,#521,,
TR312,Film/English Literature,,,521,,521,,
TR320,Film/Music,,,521,,521,,
TR322,Geography/History,,,529,,529,,
TR323,Drama Studies/Modern Language,,,#473,,#473,,
TR324,Film/Modern Language,,,521,,521,,
TR325,Film/History,,,529,,529,,
TR326,Geography/Modern Language,,,352,,352,,
TR332,Geography/Sociology,,,498,496,496,,
TR443,History/History of Art and Architecture,,,529,,529,,
TR447,History/Modern Language,,,529,,529,,
TR449,History/Philosophy,,,529,,529,,
TR452,History/Sociology,,,529,,529,,
TR454,History/Religion,,,529,,529,,
TR455,History of Art and Architecture/Modern Language,,,334,,334,,
TR479,History of Art and Architecture/Philosophy,,,499,,485,,
TR547,"Middle Eastern,Jewish and Islamic Civ./Ancient History and Archaeology",,,337,,337,,
TR548,"Middle Eastern,Jewish and Islamic Civilisations/Classical Civilisation",,,335,,335,,
TR554,"Middle Eastern,Jewish and Islamic Civilisations/History",,,529,,529,,
TR563,"Middle Eastern,Jewish and Islamic Civilisations/Modern Language",,,335,,335,,
TR564,"Middle Eastern,Jewish and Islamic Civilisations/Music",,,,,,,
TR565,"Middle Eastern,Jewish and Islamic Civilisations/Religion",,,342,,342,,
TR597,Mathematics/Modern Language,,,566,,566,,
TR598,Mathematics/Music,,,566,,566,,
TR599,Mathematics/Philosophy,,,566,,566,,
TR629,Music/Philosophy,,,499,,499,,
TR635,Music/Drama Studies,,,#473,,#473,,
TR636,Music/Modern Language,,,388,,388,,
TR638,Music/Religion,,,388,,388,,
TR639,Philosophy/Modern Language,,,499,,499,,
TR662,Philosophy/Sociology,,,499,,499,,
TR663,Religion/Classical Civilisation,,,342,,342,,
TR664,Religion/English Literature,,,498,,498,,
TR665,Religion/History of Art and Architecture,,,342,,342,,
TR666,Religion/Modern Language,,,,,,,
TR667,French/Modern Language,,,403,,403,,
TR668,German/Modern Language,,,389,,389,,
TR669,Irish/Modern Language,,,368,,368,,
TR670,Italian/Modern Language,,,381,,381,,
TR671,Russian/Modern Language,,,332,,332,,
TR672,Spanish/Modern Language,,,336,,336,,
TR755,Sociology/Drama Studies,,,#498,,#498,,
TR756,Sociology/Modern Language,,,498,495,495,,
TU803,Electronic Engineering,,,243,243,243,,
TU806,Sustainable Energy Engineering,,,262,,262,,
TU808,Engineering Software,,,260,260,260,,
TU809,Mechanical Engineering,,,235,,235,,
TU813,Automation Engineering,,,218,218,218,,
TU873,Industrial Mathematics,,,250,250,250,,
TU901,Business,,,270,,270,,
TU908,Management,,,262,253,253,,
TU909,Accounting and Finance,,,285,,285,,
TU911,Accounting and Finance,,,209,192,192,,
TU913,Business and Information Technology,,,252,,252,,
TU915,International Business,,,252,,252,,
TU916,International Business,,,235,235,235,,
TU923,Marketing Management,,,228,276,228,,
TU966,Languages and English Studies,,,366,,434,,
TU971,Contemporary Visual Culture,,,290,,290,,
TU972,Creative and Cultural Industries,,,281,,281,,
TU986,Print Media Technology and Management,,,289,,289,,
TU993,Early Childhood Care and Education,,,270,,270,,
TU994,Early Childhood Care and Education,,,321,251,230,,
WD149,Early Childhood Studies,,,271,,271,288,288
AL853,Accounting and Law,,,,,,305,377
CW178,Sport Science (options),,,,,,399,390
CK116,Sports Studies and Physical Education,,,,,,499,487
CK502,Food Marketing and Entrepreneurship,,,,,,433,445
CK506,International Development and Food Policy,,,,,,367,367
DC005,Education - Primary Teaching - Irish Sign Language,,,,,,#316,
DC167,Physics with Astronomy,,,,,,434,444
DC171,Applied Physics,,,,,,402,413
DC173,Physics with Biomedical Sciences,,,,,,402,466
DT001,Product Design,,,,,,433,441
DT028,Transport Operations and Technology,,,,,,279,264
DT035,Electrical Services and Energy Management,,,,,,293,289
DT066,Engineering (General Entry),,,,,,400,372
DT101,Architecture (test and interview),,,,,,#618,#616
DT106,Planning and Environmental Management,,,,,,312,290
DT110,Property Economics (Valuation Surveying),,,,,,367,381
DT111,Quantity Surveying and Construction Economics,,,,,,391,377
DT112,Geographic Science,,,,,,287,282
DT117,Construction Management,,,,,,356,346
DT175,Architectural Technology,,,,,,388,358
DT201,Science (General Entry),,,,,,464,456
DT203,Analytical Chemistry (Environmental Forensic and Pharmaceutical),,,,,,341,326
DT204,Biomedical Science,,,,,,501,498
DT205,Mathematical Sciences,,,,,,315,297
DT206,Biomedical and Molecular Diagnostics,,,,,,473,445
DT211,Computer Science (Infrastructure),,,,,,381,356
DT220,Industrial Mathematics,,,,,,300,250
DT221,Physics with Energy and Environment,,,,,,348,323
DT222,Physics Technology,,,,,,321,306
DT223,Human Nutrition and Dietetics,,,,,,553,556
DT224,Optometry,,,,,,487,475
DT225,Public Health Nutrition,,,,,,440,455
DT227,Science with Nanotechnology,,,,,,312,309
DT228,Computer Science,,,,,,451,434
DT229,Clinical Measurement Science,,,,,,491,454
DT235,Physics with Medical Physics and Bioengineering,,,,,,357,361
DT282,Computer Science (International),,,,,,377,350
DT299,Chemical Sciences with Medicinal Chemistry,,,,,,420,441
DT302,Business Analytics,,,,,,325,330
DT304,E-Commerce in Retailing,,,,,,341,351
DT321,Business and Law,,,,,,462,463
DT341,Marketing,,,,,,400,408
DT343,Retail and Services Management,,,,,,301,301
DT354,Business Computing,,,,,,322,341
DT358,Logistics and Supply Chain Management,,,,,,300,316
DT365,Business and Management,,,,,,440,445
DT366,Accounting and Finance,,,,,,432,440
DT398,Human Resource Management,,,,,,375,375
DT399,Economics and Finance,,,,,,437,443
DT401,International Hospitality Management,,,,,,300,304
DT405,Culinary Science,,,,,,308,308
DT407,Culinary Arts,,,,,,271,280
DT412,Tourism Marketing,,,,,,284,280
DT413,Event Management,,,,,,356,357
DT416,Culinary Entrepreneurship,,,,,,275,280
DT420,Nutraceuticals in Health and Nutrition,,,,,,392,401
DT421,Food Innovation,,,,,,321,326
DT422,Pharmaceutical Healthcare,,,,,,397,397
DT491,Environmental Health,,,,,,343,305
DT501,Music,,,,,,#383,#415
DT504,Film and Broadcasting,,,,,,443,445
DT506,Commercial Modern Music,,,,,,#468,#540
DT508,Game Design,,,,,,403,387
DT517,Languages and English Studies,,,,,,326,283
DT518,Languages and International Tourism,,,,,,307,298
DT529,Drama (Performance),,,,,,#371,#372
DT532,Law (LL.B.),,,,,,422,419
DT533,Contemporary Visual Culture,,,,,,#,272
DT544,Interior Design,,,,,,#552,#730
DT545,Design - Visual Communication,,,,,,#667,#880
DT546,Fine Art,,,,,,#668,#628
DT555,International Business and Languages,,,,,,353,350
DT559,Photography,,,,,,#700,#660
DT571,Social Care,,,,,,394,377
DT572,Early Childhood Education,,,,,,385,366
DT582,Journalism,,,,,,347,346
DT596,Print Media Technology and Management,,,,,,252,226
DT597,Creative and Cultural Industries,,,,,,280,279
DL835,Creative Media Technologies,,,,,,237,226
GC405,International Hospitality Management (Dublin),,,,,,254,244
ID003,Business Studies with Chinese,,,,,,,353
BN101,Business,,,,,,252,255
BN103,Business and Information Technology,,,,,,254,274
BN104,Computing (Information Technology),,,,,,260,261
BN107,Applied Social Studies in Social Care,,,,,,300,290
BN108,Engineering (Common Entry with Award options),,,,,,271,270
BN109,Business (Common Entry with Award options),,,,,,260,261
BN110,International Business,,,,,,253,251
BN111,Sports Management and Coaching,,,,,,270,270
BN112,Creative Digital Media,,,,,,280,271
BN113,Horticulture,,,,,,289,245
BN114,Accounting and Finance,,,,,,280,274
BN115,Community and Youth Development,,,,,,250,253
BN117,Computer Engineering in Mobile Systems,,,,,,273,261
BN118,Early Childhood Care and Education,,,,,,290,290
BN119,Digital Marketing,,,,,,270,276
BN120,Digital Forensics and Cyber Security,,,,,,281,270
BN121,Mechatronic Engineering,,,,,,276,270
BN123,"Design,Technology and Innovation",,,,,,297,
TA022,Creative Digital Media,,,,,,260,253
TA023,Advertising and Marketing Communications,,,,,,235,219
TA024,Early Childhood Care and Education,,,,,,217,
TA025,Social Care Practice,,,,,,261,260
TA026,International Hospitality and Tourism Management,,,,,,208,186
TA027,Botanical Cuisine,,,,,,236,
TA028,Digital Marketing Technologies,,,,,,220,
TA121,Accounting and Finance,,,,,,202,210
TA122,Management,,,,,,218,221
TA123,Marketing Management,,,,,,207,210
TA125,International Business,,,,,,229,201
TA221,Electronic Engineering,,,,,,251,226
TA222,Mechanical Engineering,,,,,,243,226
TA223,Sustainable Energy Engineering,,,,,,236,238
TA224,Biomedical Design,,,,,,218,228
TA225,Automation Engineering,,,,,,235,236
TA226,Engineering Software,,,,,,243,303
TA321,Pharmaceutical Science,,,,,,261,252
TA322,Computing,,,,,,200,237
TA323,Computing with IT Management,,,,,,243,
TA326,DNA and Forensic Analysis,,,,,,300,280
TA327,Sports Science and Health,,,,,,341,320
TA328,Computing with Language (French/German/Spanish),,,,,,218,262
TA329,Computing with Data Analytics,,,,,,218,274
NC025,Data Science,,,,,,297,
GA385,Retail Management,,,,,,219,254
LY218,Business - with Spanish/Irish options,,,,,,298,229
CI101,Counselling and Psychotherapy (Limerick),,,,,,276,202
LC411,Marketing and Management (Thurles),,,,,,226,316
SG149,Business in Finance and Investment,,,,,,262,272
SG441,Environmental Science,,,,,,297,288
SG446,Applied Archaeology,,,,,,289,330
TL803,Music Technology,,,,,,264,261
TL812,Computing with Digital Media,,,,,,369,308
WD148,Tourism Marketing,,,,,,269,268
AL844,Toxicology and Analytical Science,,,,,,,337
CR312,Web Development,,,,,,,290
CK117,Economics (Transformational Learning) - 3 or 4 years (Int`l Pathway),,,,,,,413
CK210,Government,,,,,,,351
DB520,Business Studies (with work placement),,,,,,,243
DT255,Information Systems and IT (Leaving Certificate 3 Years Prior),,,,,,,309
GC431,Computing Science (Cloud Computing - Dublin),,,,,,,403
GC432,Computing Science (Software Development - Dublin),,,,,,,251
GC433,Computing Science (Network Management - Dublin),,,,,,,
GC434,Computing Science (Games Development - Dublin),,,,,,,203
NC004,Business Information Systems,,,,,,,289
TR008,World Religions and Theology,,,,,,,366
DK817,Business Studies (Years 1 & 2 at Monaghan Inst. and final year at DKIT),,,,,,,320
DK881,Environmental Bioscience,,,,,,,300
DK890,Multimedia Web Development,,,,,,,
GA886,Business - Mayo Campus,,,,,,,
GA888,Sustainable Building Technology - Mayo Campus,,,,,,,308
GY103,Arts (Public and Social Policy),,,,,,,346
LC231,Business Information Systems,,,,,,,298
LC421,Business Studies with Sports Management (Thurles),,,,,,,243
LM120,Aircraft Maintenance and Airworthiness Engineering,,,,,,,430
MH102,Music Technology,,,,,,,317
MH108,European Studies,,,,,,,328
SG143,Business in International Marketing and Sales with German,,,,,,,245
SG345,Architectural Design,,,,,,,261
TL805,Business Information Management,,,,,,,
TL820,Travel and Tourism Management,,,,,,,
WD168,Entertainment Systems,,,,,,,251
WD197,The Internet of Things,,,,,,,260
